mean_x,mean_y,mean_z,mean_abs,std_x,std_y,std_z,std_abs,min_x,min_y,min_z,min_abs,max_x,max_y,max_z,max_abs,range_x,range_y,range_z,range_abs,variance_x,variance_y,variance_z,variance_abs,median_x,median_y,median_z,median_abs,rms_x,rms_y,rms_z,rms_abs,kurtosis_x,kurtosis_y,kurtosis_z,kurtosis_abs,skewness_x,skewness_y,skewness_z,skewness_abs
0.3676271931917257,-1.1655124633133067,0.5790106619738187,10.677059103406147,2.168826258391523,3.962584138027463,1.3727421444270154,4.2325934715049165,-5.052297112637255,-10.773199383685883,-1.3888501057847058,4.037038154039216,7.402200759780393,9.815610242588628,4.155494926243137,18.898601079411765,12.454497872417647,20.58880962627451,5.544345032027843,14.86156292537255,4.703807339088573,15.702073050946852,1.8844209950860806,17.91484749502604,0.2526250118633334,-1.6797737926884313,0.4156905705041078,10.682878177901962,2.1997629627445323,4.130434886677854,1.4898571548190245,11.485401107173145,1.6878695194778892,0.51808520911989,0.03574292792131395,-1.1586300132002152,1.0341156255372894,0.5300401263712996,0.7412698488770079,0.014532084328648467
-0.4634272977213394,-0.3890177932421823,1.3203923174059127,13.205475566555696,2.977489204859052,4.905850872778934,1.613372804839844,2.545128824333151,-6.302485769686275,-9.244811150504706,-0.9299438473245101,8.799398721784314,4.40153627931196,9.917199549784314,4.613300741123529,18.307781200921568,10.704022048998235,19.16201070028902,5.543244588448039,9.508382479137254,8.865441965052192,24.06737278594582,2.602971807396785,6.477680732451448,-0.25956893742352927,-0.8835923682415683,0.855766889625196,13.372067671137255,3.0133381531659365,4.921250616398721,2.084803990609511,13.44850421687672,-1.2270362514396842,-1.0534235725056722,-1.3234673790525155,-1.141317946167481,-0.0919338581512644,0.20998642348334812,0.3999628783146144,0.03649573237967594
1.6025222911026973,0.7156166849736825,0.8694689568975676,11.080138112786308,2.3715501774039134,3.897899382174643,0.538763761720983,2.1967495578640297,-4.366042040954902,-9.654037194017647,-0.35076924211372573,7.071044654333333,6.5435598764372545,8.092595430545687,2.681199294627058,18.283171443490193,10.909601917392155,17.746632624563333,3.031968536740784,11.21212678915686,5.624250243944534,15.193619593557463,0.29026639094374407,4.82570861997581,1.6059541734774214,0.8053159187254907,0.7722052112183331,10.71264279445098,2.86222429893703,3.9630451465218237,1.0228600383005917,11.295803168362823,-0.6213144472679097,-0.6450497548268883,0.22218630029985453,0.6074690798868132,-0.19798723864759046,-0.18555668433590056,0.6561964969948538,0.6982365423663138
1.9175334151912444,1.169732946025005,0.46152577068998046,10.593134876048195,2.1972252060149784,2.8775767020552614,0.5224087788201366,1.9102355511343332,-2.859150098565098,-4.60463830597647,-0.7617228803823534,6.708342539909804,5.97385095740549,6.904083647429413,1.5943313994137251,14.578669802882352,8.833001055970588,11.508721953405884,2.3560542797960786,7.870327262972548,4.827798605947565,8.280447676211235,0.27291093218834633,3.64899986081749,2.026190564921176,1.0151637692877458,0.46418253394509773,10.356728162343135,2.916287538004878,3.106239340621965,0.6970774484943023,10.763991191141232,-1.052240635026997,-1.1199032926091905,-0.7745303848838452,-0.9925958180957783,-0.103489691396524,0.0996106651942958,0.013035038993785117,0.07351224524291813
1.6658586667974271,1.0462191766563995,0.4225590368719917,9.643428898474784,2.031522547520551,2.7804515075914304,0.29361519305426426,1.9616992175025592,-2.927695316669608,-3.8606473110745094,-0.41632123874313753,5.850975924705883,5.964079204996079,6.08174793057255,1.1552811998447055,12.938175956764704,8.891774521665686,9.94239524164706,1.5716024385878429,7.0872000320588215,4.1270838610843885,7.730910586067457,0.08620988159229288,3.8482638199501533,1.7345303490843142,0.7955589639541183,0.4308129901323525,9.719351851421568,2.627197929130671,2.970771810770909,0.514554196595925,9.840934139597147,-0.9416394269923822,-1.2868278519756613,-0.5710544346181496,-1.2804292275503912,-0.0641919924104208,0.13855279649034533,0.08164876382758926,-0.05720112872422725
1.344311730210918,1.0544044075369632,0.5698075389313706,9.901833944128512,1.7458526790134408,2.658391556893802,0.5478709729678608,2.8080638809130516,-2.929165369698039,-4.806765653337254,-0.6440484614200004,5.077100681921568,4.886500922830785,6.729711455452941,2.348222103535294,14.639731577215686,7.8156662925288245,11.536477108790194,2.9922705649552945,9.562630895294118,3.048001576818408,7.067045669764254,0.3001626030207505,7.885222759288468,1.3358618930862747,1.0802257809176479,0.6094020285117643,9.942840329688234,2.2034463017739006,2.859862640826937,0.7904702615808997,10.292304805843248,-0.9235351965309659,-1.121021290250545,-0.23678394094674848,-1.342921882141179,-0.0023398639993893982,0.002507141487720895,0.02202671319203711,-0.12629343729262957
1.2055039932972986,-0.3405094708199275,0.8081837199411741,7.349353896287163,1.2767784360614842,1.8850667389009168,0.8999709679876537,4.133616529243003,-2.6644047519396077,-5.915648896378431,-0.6525201575835299,1.1570926667156862,4.64824154914902,4.3354265529725495,3.706643591925294,16.23619410452941,7.312646301088628,10.251075449350981,4.359163749508824,15.079101437813724,1.6301631747916097,3.553476610110537,0.8099477432206346,17.08678561083097,1.1992176627588234,-0.3572864207724502,0.4984827774162741,7.1938009912166665,1.755962144423206,1.915573885243951,1.209590289477635,8.43206904049666,0.3247842185092389,0.715734516036926,0.2983910108735133,-0.9403747247057201,-0.0907234869538825,-0.031127857628240895,0.913427266883548,0.22973371565625825
0.19422422243709964,1.3700023264629257,0.6289787762082151,6.972699720669255,1.0827068999833462,1.595868055179591,1.758558080362409,2.8348645416726557,-1.9861398147690195,-1.6091752844593934,-1.972765521650981,2.785604421688235,2.51764571277451,5.214339549020197,4.187806244298039,13.073107965764706,4.5037855275435295,6.8235148334795905,6.16057176594902,10.28750354407647,1.1722542312715476,2.5467948495426898,3.092526522007921,8.036456969632917,0.17615994302823534,1.1556761376843145,-0.05075337399451023,6.419994844892157,1.099989672611904,2.1032596663409193,1.8676565056049,7.526951465517372,-1.0968900386395406,-0.4323201915500676,-1.102944529180307,-0.8665281030194047,0.1406751391829704,0.43794013668264997,0.536276587398841,0.5091656769717159
0.11715517576469725,1.7235492266237413,0.7525535644272152,7.989331246523182,1.0984313524173248,1.4000930537740381,1.6749835499385808,2.997631506520917,-1.7014001096321567,-1.6482164665421561,-1.8101681263400005,3.7088634412745094,2.324448436537255,4.9391089871372555,3.5748364822,13.180468960862745,4.025848546169412,6.587325453679412,5.38500460854,9.471605519588236,1.2065514359733533,1.9602605592263118,2.8055698925648502,8.985794648886863,-0.20307195941490175,1.798185083365687,0.5340461834752935,7.316577769941176,1.1046613830408893,2.220559050289276,1.8362752407787233,8.533182783437747,-1.2896419288470153,-0.45341499810652275,-1.4764842931503197,-1.4896524154345745,0.30739386034891086,-0.08494320472751557,0.16753828632342294,0.22856923205382612
-0.0914369348768329,1.492838824292446,0.9555134629039803,9.035653933719898,0.9712187255843383,1.8647890160836695,1.7157424428425174,3.1717499162101834,-1.9978745575568626,-1.9282386717486264,-2.023974865650785,4.620158042392156,2.115064525256863,5.883689402601961,3.953078233196411,14.232934243980393,4.1129390828137256,7.811928074350588,5.977053098847197,9.612776201588236,0.9432658129256662,3.4774380745063005,2.9437721301712094,10.059997530979306,0.0830125766639217,1.3788815714863643,0.5894671748171563,8.676161788362744,0.9755134678646596,2.3887247287666185,1.9638681493323238,9.57617040057908,-1.0712634068905693,-0.650034590445939,-1.460723922791424,-1.55707270961727,-0.01589838514435466,0.24750274792232574,0.16892245486278729,0.1130489560876201
-0.09275233157448555,1.7121144498486955,0.8535567408425789,8.189683673927334,0.8931158905570774,1.5836722892740807,1.5821658379091166,2.9039406833439694,-1.7976875224664706,-1.3981969663299993,-2.034677227811765,3.7688295591862744,1.8222570555011766,5.164844588304315,3.7839835439121563,13.765163109078431,3.6199445779676473,6.563041554634315,5.818660771723922,9.996333549892157,0.7976559939655615,2.5080179198146073,2.503248738646657,8.43287149238024,-0.10260579373264686,1.5999049673683343,0.48148743799751237,7.941199128676471,0.8979192552663435,2.33224222781325,1.7977229621063586,8.689291695608574,-1.143500085609298,-0.8357978937587567,-1.3548345220582805,-1.4412995501280428,0.08454458765789623,0.16101630560021019,0.23803854628113308,0.16184587310946721
-0.058785818657031974,1.5742956816282352,0.8718884014413874,8.733801716820834,0.9429045685473262,1.63185985713836,1.5521075582379251,3.4869654238901866,-1.8248648821343134,-1.7119880711921558,-1.5916465678300005,3.8969103724882355,1.9765601235558827,4.989198036549021,3.8271512785790778,14.762401091058823,3.801425005690196,6.701186107741177,5.4187978464090785,10.865490718570587,0.8890690253874194,2.662966593339629,2.409037872339294,12.15892786740567,-0.11105927677862724,1.4981829729254914,0.5742620830618526,8.102099870166665,0.9447353057140376,2.2674596989876004,1.7802323603696557,9.404159733657673,-1.008499662813355,-0.8267143028948447,-1.3242144170698353,-1.4759375857683792,0.26217999729228,0.13781305905325578,0.23992551153318029,0.2111421703435971
-0.15012277871977978,1.542440610294698,0.9349135503792454,8.353368451945384,0.7732487089463593,1.6104056084378033,1.5169109695174143,3.170219653326244,-1.6765238472356858,-1.4786287961784303,-1.3184871612546571,3.7993719889764703,1.7522864181443139,5.145953461790197,3.6447049537831373,13.34370356801961,3.4288102653799997,6.624582257968627,4.963192115037795,9.544331579043138,0.5979135658872116,2.5934062236879316,2.3010188894422616,10.05029265033597,-0.11669291288529393,1.3651638017538246,0.5198494663959702,7.880005512696078,0.7876867490175012,2.229916872884326,1.7818760439842587,8.934710803618234,-0.8052540565395785,-0.8437139741723221,-1.4025449286716631,-1.5520074671977913,0.14529746756093437,0.24805402209665994,0.26159148656116943,0.1616456796850601
-0.07516779868681192,0.13093490280929987,0.2562182294661173,4.855632016892792,0.5300619222073191,1.2142815655345705,0.9436861968531941,3.2763008371147806,-1.7529291331939216,-3.9393238851405874,-0.8549115749203928,0.7242274978607843,1.0537600157044669,4.451944924639217,3.6523178449827443,12.831722088215685,2.8066891488983883,8.391268809779804,4.507229419903137,12.1074945903549,0.280965641374118,1.4744797203970874,0.8905436381312454,10.734147175279011,0.000329328652647236,0.014294991913138072,-0.048379500707579,3.6849563784950976,0.5353651457963422,1.2213204612921074,0.977850407394709,5.857585633924044,0.6163456830373444,3.1597403708514156,4.332917567933169,0.4123329932382891,-0.6891402071896452,0.5115911689318209,2.2266150226135575,1.2075462806286816
-0.22108687730651094,-0.025037544720653258,0.1704185709451844,9.531469449808528,2.179264999393905,2.5444406216273414,0.5646322495257388,2.7819274281896447,-5.658869452764705,-5.707777674199999,-1.130159716954922,5.885050977837255,4.747691139394118,7.180042531294118,1.5599440184411761,18.05524922237255,10.406560592158822,12.887820205494117,2.6901037353960984,12.170198244535293,4.749195937583316,6.474178076987332,0.3188095772044961,7.739120215713851,0.09799946192568644,-0.5236123144238226,0.1260494662012642,9.01659019695098,2.190450945559031,2.5445638045906738,0.5897898494612258,9.929150521990643,-0.12361692490606968,0.48209808326837145,-0.29814184826283263,0.39224265616820375,-0.46756322694650626,0.7482810121062192,0.27663283298164043,0.9845099925395684
-1.1602137670466408,1.3162500678513038,-0.07075733499450389,9.788223705768702,2.639642451199858,2.8145924197004435,0.5677460787906267,1.6568151013183134,-6.1635225373874505,-4.0198548520421555,-1.794000348618824,6.414012565707843,3.54218362362353,6.475236125137255,1.0146220907647054,12.992506202196079,9.70570616101098,10.49509097717941,2.8086224393835293,6.578493636488236,6.9677122701763965,7.921930489035199,0.3223356099821325,2.745036279956413,-1.074187109060882,1.4175149205997069,0.012486340789725013,9.878320440245098,2.8833675200052036,3.1071602356740087,0.5721382791228501,9.927454839692244,-1.2172239936658151,-1.1412444470784526,-0.6590878837201588,-1.0215116156139379,-0.03606127334499611,-0.05166471347834876,-0.33970005608919135,-0.0536494041494328
-1.254085194208977,1.3639297943893491,-0.05586918730253573,9.966827545335068,2.3338892237110653,2.8692176098355655,0.41142984555527873,1.77774320735605,-5.576321947799608,-3.7547564714113717,-1.1071883055286278,6.583628222366667,3.1365822774960788,6.418216152892158,0.8961531340107838,13.450636580470588,8.712904225295686,10.17297262430353,2.003341439539412,6.867008358103921,5.447038908554639,8.232409692590515,0.1692745178136405,3.160370911300576,-1.2234275962843135,1.3619666211786283,-0.05062236724088278,9.980595814794118,2.649484588158387,3.1769032368980787,0.4152058331761324,10.12413069007657,-1.1700806826535672,-1.1530575533171,-0.6961582035660676,-1.081729612168996,-0.008716802538276539,0.015894897478205976,0.011791639835092719,0.019849464099987987
-1.1614383464132938,1.2184617698690265,-0.11326453276322776,8.546865367342573,2.1037936456037283,2.528159019537202,0.37958000158231386,1.7476844555076432,-4.768590271984313,-3.2076348534743127,-1.2084026682549023,5.363141412421569,2.531221431211765,5.445079071152943,0.7744369901015682,12.245112682235293,7.299811703196077,8.652713924627255,1.9828396583564705,6.881971269813724,4.425947703282626,6.391588028067307,0.1440809776012294,3.054400956023047,-1.1048482915774507,1.2648249416284323,-0.08641023100000043,8.568288752938235,2.4030994019810916,2.806463452942096,0.3961184570091398,8.723721027377199,-1.3384436929029018,-1.4301213413053475,-0.15584490387912808,-1.135768972134847,-0.016281192795960655,-0.02007342593307926,-0.3998688562272993,0.08637078532279556
-1.1125313518587543,0.981960319406424,-0.12783280297662739,8.2177370943529,2.0486166156769046,2.215666507811592,0.3535742643961224,2.1254597797883052,-4.608812936912274,-2.5045738465640186,-0.9936846417725494,4.996312289382353,2.9635749267882354,5.211189779968628,0.8265698941745094,12.38602593390196,7.572387863700509,7.715763626532647,1.820254535947059,7.389713644519607,4.196830038027493,4.909178073838015,0.12501476044325904,4.51757927549775,-1.2655494631079018,0.6644419015321578,-0.10148837818210829,8.203836621657842,2.3312134280018544,2.423514832371936,0.3759733846432753,8.488155407825737,-1.2955567431787955,-1.4300922192890384,-0.0036182902321284516,-1.2361285674118527,0.1220049529166262,0.15435742282063536,-0.037643684952901615,0.12666204843934165
-0.77722087987541,0.9512195975647375,-0.2299373843148553,7.942140529329659,2.2643070924229844,1.6709691784640994,0.3845127633020821,2.417700416081968,-5.154966657531177,-1.9416162412450972,-1.3191210682629415,3.793555543443137,4.055753735231373,4.3786393565372554,0.6860299536270583,11.583689329607845,9.21072039276255,6.320255597782353,2.0051510218899997,7.7901337861647075,5.127086608797031,2.7921379953769874,0.14785006514220303,5.84527530192292,-0.9938505910942155,0.7274748633556873,-0.19021674424029456,8.131254275078431,2.393983898214717,1.9227471799922644,0.4480192695049626,8.301979974050989,-1.1359598410260618,-1.2295403582920648,-0.4808618227554078,-1.449889626606939,0.10061658837444554,0.2296279714888167,-0.23621679753946243,-0.0913134175823847
-0.43944741738803217,-0.33932138462419,0.031104017683700462,4.414261770384345,1.2328960645460418,0.9911533995329376,0.6970162762055914,3.1867558654705626,-4.428421128977255,-2.859873932491176,-1.5956764428294121,0.6762078892411764,2.1384298354780396,2.650679668515687,2.410198080508627,11.55759147209804,6.566850964455295,5.510553601006864,4.005874523338039,10.881383582856863,1.520032705973118,0.9823850614056989,0.4858316892955093,10.155412946111035,-0.1938712423747055,-0.2506070732058815,-0.010420466334451425,4.576059869735294,1.3088723156298052,1.0476278267920234,0.697709932000095,5.444365888107426,1.2214894790676647,0.5396368823485895,1.5664790456568927,-0.8193523940839151,-0.9200472401796117,0.06340003495835572,0.8085772204389058,0.4783046943413904
0.08234184414294841,-0.2236647769794597,-0.1344802755533258,7.905540550635463,0.7026073746573384,0.7692724154888477,0.638955239148882,3.743622024385527,-1.3664210988999996,-1.8692270079450972,-1.7183358302017653,1.9352022737490195,2.219214030224902,1.9090498718154911,1.7673226104847053,17.712140321411763,3.585635129124902,3.7782768797605883,3.4856584406864703,15.776938047662743,0.4936571229228775,0.5917800492320464,0.4082637976358049,14.014705861464392,0.011860816139706338,-0.26932232842862663,-0.14116265398085337,7.259621839627451,0.7074159329699461,0.8011279433981303,0.6529538591268939,8.747129658305406,0.3714926158196099,-0.552321098069112,0.19449737844869341,0.7521979510863743,0.6165091744335477,0.1253241606691548,-0.06107885298232164,1.120675982349623
0.5349316974080401,1.6611843222284348,1.2197453976799157,8.067011996379339,0.31971711409248277,2.113361660949669,1.920001464153822,2.9060486835652943,-0.10046313673980346,-1.904537474868627,-2.390830849630001,3.2262510210784314,1.6587923384000005,6.5303926462121575,4.530763385254902,13.001999874823529,1.759255475139804,8.434930121080784,6.921594234884903,9.775748853745098,0.10221903304362565,4.466297509971945,3.6864056223528197,8.44511895125158,0.48925158699637306,1.3216339163215696,1.2631813895819604,8.275372689588234,0.6231941542853824,2.688090560674898,2.274683375222618,8.574485494825893,0.7283856242029141,-0.7501542252185209,-1.3128329831843504,-1.3470035276974737,0.7747542117509052,0.42848421374344503,-0.07187327640821038,0.03691030103275272
0.46178726291878913,1.422541939446145,1.1946282672339534,8.467072187050295,0.23188041672401338,2.1038320766837426,1.5834918114484173,3.2917753720758225,-0.3269308085229406,-2.592394069254509,-2.130084442985687,3.8380657658490196,1.257315478276471,6.232852973103923,4.131853847979412,14.498693226549019,1.5842462867994116,8.825247042358432,6.261938290965098,10.660627460699999,0.05376852766010211,4.426109406883429,2.5074463169241903,10.83578510020492,0.4672056196960789,1.1757913845375496,1.221715381796764,8.30977539277451,0.516735913067912,2.539632842827212,1.983578335684927,9.084442554220137,0.9790685617254953,-0.6890830585332406,-1.175192617434253,-1.3410997702158163,-0.3836263616038213,0.2792007210155713,-0.13792717020198153,0.18993925635371456
0.4744619361251604,1.504641533969242,1.3187477290715561,8.258823202246802,0.2792581778999381,2.086543988145176,1.5813127496130526,3.3015857341188317,-0.20815648450462693,-2.765595588458823,-1.812158005383726,3.5784583830392154,1.3325534195870594,6.104788517154903,3.9529114042509796,13.826943289666668,1.5407099040916863,8.870384105613725,5.765069409634705,10.248484906627452,0.07798512992399348,4.353665814464777,2.5005500120887927,10.900468359736985,0.43942974308372607,1.2833677077823538,1.3499469900901955,7.78965000175098,0.550544511148399,2.5724719551843687,2.0590399668341,8.89430317932254,-0.06902712398839395,-0.6196960578901036,-1.3881313366884631,-1.4374158207265648,0.32544801549969804,0.18201692063211583,-0.08089741486815746,0.20245350999527553
0.29814455397940864,1.153723188292509,1.1886492948701914,8.173227682499823,0.3584436456564473,1.8076718915058398,1.3155085430429156,3.6957764350364255,-0.5528572856096073,-2.429149502394313,-1.366124740966079,3.2980054257686278,1.39538119762353,5.463437826956863,3.5477710507476465,15.035060704941177,1.9482384832331374,7.892587329351176,4.913895791713726,11.73705527917255,0.12848184711148475,3.267677667340301,1.7305627268188946,13.658763457770549,0.2695030449749025,1.1062725706406868,1.2913790925081368,7.195145033478431,0.46623172583927125,2.1444707651409303,1.7729776854248052,8.969972921238503,-0.003955474471993181,-0.40601585601059,-1.2589161876759607,-1.4231301995027599,0.4200142992739156,0.2500063995803445,-0.06754864225737882,0.3254030288285374
0.4570287831588152,1.8864313352868807,1.1596138637441467,9.041039673488939,0.37179603424143315,1.6411201830947313,1.676064703154186,3.716808985601233,-0.3658393380607837,-1.8549107962890385,-1.5459429041450985,3.707763956911765,1.339605369568628,5.615309198088236,4.344490355866665,15.465178336058825,1.705444707629412,7.470219994377275,5.890433260011764,11.757414379147061,0.13823229107765692,2.6932754553608844,2.8091928891593296,13.814669035446066,0.44390588747373383,1.8363491551019613,1.0097100427588233,8.446117272544118,0.58915838253672,2.500379698788392,2.0381111849324993,9.775227230762814,-0.5785040474432699,-0.6395734386243652,-1.2697818150813023,-1.54738189295705,0.2925253905036913,0.06502138766600793,0.1415290718857323,0.11659864706389085
0.47169406015331033,2.1697163717959254,0.849359855647408,8.244885160876198,0.3498167500493708,1.3086304338766899,1.748008051153174,3.1964948318218918,-0.46272106738156815,-1.266669381131176,-1.8057905609456868,3.173561989356863,1.4727367188043143,5.300332382576471,4.035640092624117,14.337538352235295,1.9354577861858826,6.567001763707647,5.8414306535698035,11.163976362878433,0.12237175861510396,1.7125136124682936,3.055532146896317,10.217579209864065,0.40473665176098095,2.2056854861333344,0.3845668785033328,7.602948834899999,0.5872538165044305,2.5338079537541045,1.9434362123007025,8.842833851537678,0.07938899610384498,-0.33785090645486626,-1.3853435729784702,-1.3031811175797428,0.5245021524965442,-0.13256947276041228,0.2862944399975037,0.21227026113376013
0.021562893119119138,0.6425038647262991,0.2905272740892516,4.5817742817435,0.37968746936635706,1.5049700863201048,0.9381963713958049,3.1771314363018734,-0.7495621013382348,-3.373523978466666,-1.633294459050981,1.7651650851019607,1.0533935689598044,4.38482857692353,3.4212378660450975,12.161668458431372,1.8029556702980392,7.758352555390196,5.054532325096078,10.396503373329411,0.14416257439382835,2.2649349607183438,0.8802124313002551,10.094164163537604,0.03535470255876526,0.15267514592803988,0.08066621620480337,2.721861735286274,0.3802992673586091,1.6363820387997943,0.9821499520388862,5.575555553699003,-0.21160595230761503,0.39143158950083556,2.903062398998437,-0.028165011054248623,0.2538676609964199,0.5848202925256648,1.5538930976916372,1.184652782895264
-0.08239943886205812,-0.27603043108493014,0.03240265161643694,3.166744311960503,0.6305625759472613,0.7176086566850859,0.43404967451546994,3.0622881809080273,-1.5609750865392151,-2.92967268435098,-1.1520590726276476,0.30153336545960785,1.880240837548432,1.8594110118290201,1.113984600231372,8.523415397543136,3.441215924087647,4.7890836961800005,2.26604367285902,8.221882032083528,0.3976091621852457,0.5149621841493734,0.18839911994698538,9.377608902928996,-0.16289556641375436,-0.07595667275672012,-0.0375718029683339,1.238568610759804,0.6359236036742368,0.7688660371184997,0.4352574545929818,4.405210374120987,1.4157487758177831,2.684362259154428,0.11807822197240014,-1.4905171953943164,0.7397473455674679,-1.40663270928772,0.562464753799179,0.5316858854232137
-0.7713515373717111,1.0577619628755937,-0.02555145145327976,8.857599079923467,2.4716089822296547,2.0703683341780637,0.4185098594475303,2.5544264301314623,-7.054577460541176,-4.122743719764705,-0.9569939318647064,3.36032575427451,4.7251702698019615,4.457041334921569,1.1032712643768623,13.735284072843138,11.779747730343137,8.579785054686274,2.0602651962415686,10.374958318568627,6.10885096103831,4.286425039167251,0.17515050245479155,6.5250943869541675,-0.6476976714960778,1.3042610868969613,0.006645747551166118,9.230909107980391,2.5891763468802216,2.3249269685892666,0.4192891354735549,9.21857667146157,-0.194110633692528,-0.9197353811222917,-0.7688928776539719,-0.6611933087638553,-0.2850474220694053,-0.2617230728977082,-0.18468746657340585,-0.40964630819307324
-0.6763619227082353,1.6314446646964216,-0.019490333780166996,9.870945102305413,3.043489003445984,1.74115905698091,0.32100070947943576,1.699496624897953,-7.188834141191763,-2.6894994336392153,-0.7716612008447848,6.1736728939215695,5.079100100758628,4.469214934031467,0.72141538752647,13.49565548262745,12.26793424195039,7.158714367670683,1.493076588371255,7.321982588705881,9.262825314096629,3.0316348617066513,0.10304145548630113,2.888288778039534,-0.4881756365911759,1.8823789165755378,-0.014834325574157356,9.946784805433332,3.117738084667506,2.3860525048022474,0.3215918664972164,10.016179211194595,-0.7989216185297687,-0.6874307361139413,-0.5029669344101526,-0.8140672069021404,-0.2720810183671015,-0.4685402523086786,0.020991541852327118,-0.18381470531171834
-1.4902485293692729,1.2239276235146759,-0.22370940847056656,9.801895961002502,2.4067572246407125,2.4447785283357075,0.33147955702835197,1.747997384406384,-6.840832641611313,-4.53223431567745,-1.1485791687490203,5.835444024411764,3.349103208637256,5.25917966765,0.49477873531682304,12.87628795607843,10.189935850248569,9.79141398332745,1.6433579040658435,7.040843931666666,5.792480338360265,5.9769420526113075,0.10987869672771244,3.0554948558915602,-1.2731854165034309,1.4481347552186281,-0.21339916925845148,9.792748555,2.83078099075989,2.734033811095536,0.39990573409987895,9.956538519295185,-0.825287434925555,-0.8804716384515934,-0.24382856048653068,-0.903111695583426,-0.18323767904712762,-0.38300312277089066,-0.2549820222186532,-0.1458472496830758
-1.1532326566638338,1.3333151216794263,-0.4567847934680459,9.764740975459592,2.2966652180862512,2.385694518809235,0.33166713945678317,2.3055551673450063,-6.752524046945098,-4.441607804184509,-1.5008369252370595,5.2840554189019615,3.717845538718432,5.322382542311765,0.3321195717311759,14.164604282568629,10.47036958566353,9.763990346496275,1.8329564969682353,8.880548863666668,5.274671123967169,5.691538337076428,0.11000309139544526,5.315584629671259,-0.8601861963147053,1.647982767885981,-0.4315851074642162,9.721208703338235,2.569944879635182,2.732996075879997,0.5644957386367857,10.033232327993353,-0.5831005511749474,-0.9578059069177662,0.33563196409747587,-1.020981075238232,-0.3268391051420355,-0.3800111608596727,-0.5487516854092996,-0.07503392987351815
-1.2445243295445139,1.3306933003092865,-0.471152047593892,9.527113478452305,2.3057784242594863,2.3181792012684586,0.3682285669449328,1.827789155270178,-6.389953785117646,-3.8812215537701955,-1.3518185412039219,5.879096317705883,3.022914947790197,4.902740647190197,0.5107059050433328,12.769795084333333,9.412868732907842,8.783962200960392,1.8625244462472548,6.890698766627451,5.316614141780559,5.373954809193669,0.13559227751431885,3.3408131961232708,-1.2561867781598033,1.6583918521243142,-0.4153320405711769,9.51807471740196,2.620201318335823,2.6729570645039713,0.5979770308851635,9.700861014746625,-0.8640617036677636,-0.8971212979792287,-0.6226559624218746,-1.1500403712233234,-0.23716734965994637,-0.45466643706338666,0.05456547994637087,-0.1287515845018376
-1.3954036506196426,1.144638025682853,-0.5057438211497373,9.301766460807025,2.296075489286573,2.509147518932188,0.2919329344766968,1.9196049601107839,-6.526444205274508,-3.9733523129137245,-1.6168954975627456,5.590572974784314,3.043734830411569,5.314493582390197,0.18988720192294065,12.800216768176472,9.570179035686078,9.28784589530392,1.8067826994856864,7.209643793392159,5.271962652502577,6.295821271763555,0.08522483823217536,3.6848832028819243,-1.4053645353254896,1.3228101740668636,-0.45600233665882406,9.161303879598039,2.6868408960459886,2.7579009194680446,0.5839534663509695,9.497775660346816,-0.8186726845956565,-1.0353346141538566,0.5026929487878071,-1.1513274185651288,-0.23989781933807244,-0.29255943353235764,-0.5883438570265722,-0.04992686334670247
-0.681138290333032,0.07181585469521115,0.4749022417391206,7.603843985551217,1.6395435977354227,1.752533429497148,1.0999245246655547,2.8898402844835522,-5.6014203754196075,-3.5834293096941168,-1.1992745298376104,2.7499656935725487,3.0559503116568627,4.700926853798039,3.9520434480941167,14.09064050309804,8.65737068707647,8.284356163492156,5.151317977931727,11.340674809525492,2.6881032088752135,3.0713734215050352,1.2098339599607466,8.351176869823979,-0.4738006968352937,-0.14500662007993842,0.1452569690806859,7.305372045421569,1.775402089509027,1.7540042584015103,1.1980676521672668,8.134471109201098,-0.03540134473112877,-0.23593117912175865,1.3121205358024692,-0.7780902830185328,-0.4751657787633288,0.44010612008684724,1.3479420693398216,0.4009644321207411
0.03693716055829032,-0.17384750759791945,-0.11240216028963342,2.7739344416797,0.5295460918816725,0.5783326834772878,0.42072420092082513,1.4426353938313785,-1.2004978887596074,-1.8999575886437443,-1.3400362318790398,0.4822725789254902,1.5680091152189417,1.1838831505732754,1.4070724211396268,6.796152565229412,2.768507003978549,3.0838407392170195,2.7471086530186666,6.313879986303922,0.2804190634271527,0.3344686927780408,0.17700885324046683,2.0811968795350166,-0.06546419070466618,-0.15051041500304824,-0.1777212786236279,2.926921776335294,0.5308327582744509,0.6038970513887688,0.43548030825542866,3.126645033621801,0.14921095911917437,0.030770792354035237,2.0453317673117075,-0.7869749164042008,0.40096106997027997,-0.1671189398911402,0.9200321745426271,-0.006895784591943624
0.3257265852508649,1.2837077070025027,0.994006480127335,7.438604191801554,0.2867612958684789,1.794012034491892,1.6377390594944028,2.978594639973863,-0.3601481598509798,-2.1019713869582737,-2.1277478525501965,2.999085477117647,1.084875567469324,5.688251207117648,4.644697849872549,13.69783557827451,1.445023727320304,7.790222594075921,6.772445702422745,10.698750101156863,0.08223204080816932,3.218479179901737,2.682189226993611,8.872026029281026,0.3391336799619613,0.9175032575676478,0.848369380448039,7.052342844696079,0.4339698712437973,2.205988362825008,1.9157865511399597,8.012793417502333,-0.26499720974581775,-0.697897171360359,-1.2457217349521936,-0.9634724827504031,-0.060088144895438886,0.3045515169119652,0.05458431701357736,0.36372612498419227
0.29733127605878584,1.1019280227146382,1.2786824552647849,8.655815135218509,0.46377722369441726,1.674442809361413,1.4966414400607977,2.5948433828132087,-0.9700448727779288,-1.9526928011735285,-1.7044162611062748,4.684467356117647,1.6096737140960788,4.573248256666667,3.9684292266431367,13.383571937882353,2.579718586874008,6.525941057840195,5.672845487749411,8.699104581764706,0.21508931321770156,2.803758721822141,2.2399356001072586,6.733212181329496,0.2678124639671573,0.9693415908459813,1.3136835761739212,8.765751143864705,0.5509039852283224,2.0044959688325465,1.9684929315365194,9.036390199432931,0.20520507756614093,-0.9136738656594847,-1.2706062663159097,-1.493611784078151,0.1476413264670341,0.14842611182972437,-0.07397086960050449,0.00403685480081945
0.4006188514987392,1.4233117783253906,1.1217592241823586,8.946501026795703,0.3547287518835824,1.992255400963556,1.4317060275177864,2.4548862534868507,-0.44155899215902705,-2.4380858909999987,-1.573280884605883,4.162571999392157,1.3962646913729417,5.714556431517647,3.686779820656078,13.867802578980392,1.8378236835319688,8.152642322517647,5.260060705261961,9.705230579588235,0.12583248741288414,3.9690815826684593,2.0497821492307606,6.026466517558705,0.3656726681870553,1.392016377487246,0.9641122096364699,8.976228430019608,0.5350962077879574,2.4484480801087565,1.818825419403679,9.27719500387995,-0.2429590473467167,-1.0879537456000277,-1.2967883608558979,-1.1082734861748,0.3752125245144759,0.017739905071681224,0.07400735717054165,-0.013059789838174353
0.2848743263991976,1.1895190859549944,1.4689836926522817,8.886201415871643,0.2776947057188453,1.9489122755362303,1.502495245065889,2.8235561243023217,-0.46620102894137216,-2.341764655842156,-1.816650285056863,4.375985168203922,1.0053620083322161,5.24296921369804,4.527333133734509,14.082811088921568,1.4715630372735884,7.584733869540196,6.343983418791373,9.706825920717646,0.07711434958427608,3.798259057735807,2.2574919614456057,7.9724691870851485,0.25400334030627486,0.9232186306585303,1.6433357764302934,8.843003096735295,0.39782877149054,2.283246529305807,2.101286522757887,9.324003688894827,-0.2877197355936567,-1.0527268050312963,-1.123685484577481,-1.327924755483614,0.13817026027846854,0.23399148426370162,-0.12452019579979862,0.08678035221677169
0.22684220072856956,1.4877379591252198,1.3172000727478586,8.534754368588368,0.4018524601194278,2.0337843635518613,1.492172808420625,2.5606090385427858,-1.0553746237743133,-2.008477548505489,-1.3325330117384317,4.315626508039216,1.344721206438628,5.671412383652942,4.191051322999999,13.242417704921568,2.4000958302129414,7.6798899321584315,5.52358433473843,8.926791196882352,0.16148539970403633,4.13627883742805,2.226579690189895,6.55671864826701,0.239838098361765,1.284952622802354,1.2221354684431367,8.574166281945097,0.4614572393357991,2.5198498114868135,1.9903757740278238,8.910597666846222,0.7476075774991231,-1.0781619947573768,-1.2762559844402641,-1.3049172042542325,0.07178657587226558,0.16076778990222698,0.07372480645015789,0.06803977698616996
0.08390333376379093,1.0782789450618488,0.9338874987221905,7.365827741547924,0.39358390015325384,1.769001455551236,1.2923867391364403,3.52784300327303,-0.7589197967776468,-3.569570995649019,-1.0467202578478436,0.9232256254882353,1.117551927754471,5.009899438786275,3.868794380172549,12.519045760411762,1.8764717245321179,8.579470434435294,4.915514638020392,11.595820134923526,0.1549082864598465,3.129366149742391,1.6702634834957215,12.445676255742471,0.06076535352044639,0.7675145853534324,0.4972146888752935,7.560605625359805,0.40242770267033634,2.0717267274199282,1.5944934442528487,8.167073807300838,-0.34658909696207507,-0.26200023318858,-0.6881419221329077,-1.1789880860277135,0.12871951891261416,0.1080210983485064,0.6749547457521743,-0.2582513697221957
0.11234581356723511,-0.15811552877019575,0.12502708985776673,2.779939375503269,0.5605749317706102,0.7209290451123993,0.3853432966249032,1.8023759854184405,-0.9016048243292153,-3.2995035483843127,-0.7283966883586476,0.30701276884705886,1.4316501416296081,1.1119297108764716,1.1168665677447052,6.6325089002411755,2.3332549659588233,4.411433259260784,1.8452632561033528,6.325496131394116,0.3142442541296243,0.5197386880866759,0.14848945625374813,3.248559192813094,0.023260851586126816,0.03477024915573632,0.0330118052383523,2.1380865223588232,0.5717218169317209,0.7380645016019634,0.40511878437323817,3.3130985684531935,-0.1740663136609193,7.3896215041152225,-0.43669071889335287,-1.3514969231636036,0.4845912223273938,-2.4156469475350244,0.5058179748381045,0.18187233921260818
-1.4511054977762248,-0.07080542120396241,0.2764647846927215,10.528888870957049,1.0295008147714566,3.806928315962174,0.5603877489263094,1.4340550456797572,-3.9010630079313717,-8.129006099621568,-1.0511210316096082,6.798549725829411,1.2434032018803924,7.340687558264706,1.955352103116666,13.687014301509803,5.144466209811764,15.469693657886275,3.0064731347262743,6.888464575680392,1.0598719276150932,14.492703202874594,0.3140344291466964,2.0565138740395703,-1.4620774431917645,0.39190212515000095,0.18040087482058773,10.537887668029413,1.7792074340254653,3.8075867174033573,0.6248737523067277,10.626100636216602,-0.10454119526282168,-0.7932342065027647,-0.35474813862315546,-0.6023776522055537,-0.013565812091706219,-0.3355704795418807,0.3088278814432091,0.15267892246038064
-1.951085517189456,-0.5791638180219416,-0.11649271054530357,10.613717488000319,1.1067032037221607,3.561331600924099,0.6600116020681271,1.597545618179555,-4.249948076154901,-8.051143338047057,-2.130270564920589,7.433663333941176,0.4631886480196082,5.684746512174119,1.6511701423941172,13.957856002607844,4.713136724174509,13.735889850221175,3.7814407073147063,6.524192668666668,1.2247919811288943,12.683082771740604,0.43561531486453575,2.552152002164697,-2.0863385405532355,-0.12096194642990102,-0.03042260483441231,10.606615950637256,2.243106479085499,3.6081177225592804,0.670213299237435,10.733273075686112,-0.7617277514385297,-0.9218305025180724,-0.04756073180408249,-0.8457299977615169,0.262181339300107,-0.31001505614117286,-0.14080002579114853,0.08956730342613499
-1.5024651452164188,-0.9425553012405498,-0.2465499600511586,10.233705215444232,1.5652755095456916,3.3687327635296422,0.4761494223420409,1.871940898666507,-4.355282860070588,-7.538487650915686,-1.7836209947196082,6.732754976803922,1.9615357137854907,5.007463488635295,1.0876427508580389,13.753863331764705,6.316818573856079,12.545951139550981,2.871263745577647,7.021108354960783,2.4500874207835244,11.34836043207806,0.2267182723966592,3.5041627281003698,-1.6304152540254901,-0.7669271796235286,-0.25479522001529453,10.06410838164706,2.169674845080184,3.4981096220637125,0.536195071963448,10.403503504335012,-0.8649774986289782,-1.0870862465803677,0.19577399440155974,-1.1419195819326935,0.3465876625696599,-0.18973247402495488,0.09613183829968326,0.03976758408048517
-1.7778388508824419,-0.6219834603091648,-0.42300770949751787,10.420124428085924,1.568909064503159,3.2944689459491414,0.5648201509174767,2.066648958137348,-4.302488447374118,-7.617533797619608,-2.016181043191569,5.535254706137255,1.52281811945002,4.63073013562353,1.1618410680411762,14.252435313549018,5.825306566824137,12.248263933243138,3.178022111232745,8.717180607411763,2.461475652680177,10.853525635823248,0.3190218028824412,4.271037916170187,-2.0945286962239216,0.08841102418529481,-0.38683940997332394,10.614388517872548,2.371115060975992,3.3526689458879493,0.7056609137374534,10.623089522966616,-1.1047862266588342,-0.9993409870560477,-0.01665423891305462,-0.6735987619045951,0.35313287650947606,-0.37121853234885377,-0.07350476467795447,-0.39157317029262106
-1.2657185121376457,-0.926632899503859,-0.27205176026175687,9.888407041177329,1.408713686430702,2.801269163110496,0.451684032700672,2.215506165584424,-3.5887457971549015,-6.648848476003922,-1.8727313990050396,5.867660998886274,2.3321963697294126,4.340307303770589,1.1976331661539212,13.946962166862745,5.9209421668843145,10.98915577977451,3.070364565158961,8.079301167976471,1.9844742503371777,7.847108924193778,0.2040184653967417,4.908467569742596,-1.5185392337711758,-0.6522595429609013,-0.24748037533233175,9.957465805401961,1.8938103395813184,2.9505520592995316,0.5272860946945808,10.13356114017911,-0.7453260851664889,-0.9094382710856004,1.094658033039427,-1.1979849211214284,0.5131861927818387,-0.2540239636360867,-0.287997008506654,-0.07382621391862955
-0.5242112954950988,-0.5281715335778084,-0.21034848764010922,7.4993032318963735,1.3539748318938478,2.0072879578926486,0.8066511447875679,3.755533770326202,-3.0612704290960777,-6.606591347931372,-1.9893743828058827,2.1438947704921567,3.788767153807844,4.018879519162746,2.3217793157098034,15.715440188117645,6.850037582903921,10.625470867094117,4.311153698515686,13.571545417625488,1.8332478454019736,4.029204945900839,0.650686069387094,14.104033900060541,-0.43671646874137193,-0.3266810550358815,-0.13076854502215723,7.160318044631373,1.4519109227933447,2.0756131900676413,0.8336261486059411,8.387108134750134,0.6340458695216262,0.26286120746960906,-0.18469529498523496,-1.087629355732138,0.50060939751242,-0.34467430934745547,0.10537879319502746,0.4204327365378247
-0.02153607213716401,-0.47453276754399587,0.20452762637429958,4.870774619748782,0.7241829678061246,0.8733720030881136,0.9594542241084042,2.0543470735902845,-2.3716679933525486,-3.106857847874509,-2.124362409419608,0.7782000642980392,2.2663512326666675,1.2818648630588243,3.951820687666666,9.039190130784313,4.638019226019216,4.388722710933333,6.076183097086274,8.260990066486274,0.5244409708604865,0.7627786557781439,0.9205524081594599,4.220341898768965,0.0799617610781281,-0.3046060589225345,0.0453405613179408,4.889541253529412,0.7245031216382607,0.9939617715239898,0.9810117013113383,5.286282937486216,1.6645147759405372,1.3211114269925455,4.150120207369933,-0.27700779649764096,-0.7074869524930955,-1.0364757223819727,1.595691253404621,-0.23465324039545002
0.6405703715323523,1.2545375014498235,1.0796021921035874,8.040048026303412,0.7325697734112905,1.949450643895951,1.952641046530008,3.5734661877054252,-1.412651064666666,-1.982095946182352,-2.775096859480197,2.385977457635294,2.420808124903922,6.2763004111805305,5.173999092386273,14.005474708980392,3.833459189570588,8.258396357362882,7.94909595186647,11.619497251345098,0.5366584729158694,3.800357812986338,3.8128070565938046,12.769660594673944,0.5013142582641281,0.7377347925120008,0.7426789291030386,7.99586064840196,0.9731335333863308,2.318236863551761,2.231221179038214,8.79841081445617,-0.2964607737345033,-0.5897117770744202,-1.090257182857765,-1.1712675232991827,0.042772721987888215,0.5695085825147129,0.2794981442380635,-0.04124206499891693
0.7415943034923977,1.221030605168687,1.347959960713378,10.114003656792873,0.7957845032707629,2.0254902559241903,1.8050186477224455,2.5506818089033496,-1.0146331833860778,-2.515740996624705,-2.638940149323334,5.604717715686275,2.3078984744392166,6.533222675552942,5.0617235973588235,14.441159567235294,3.3225316578252944,9.048963672177647,7.7006637466821575,8.836441851549019,0.6332729756458948,4.102610776843841,3.2580923186257653,6.505977690270464,0.664460759173628,1.0650787278187261,1.3313632633568624,10.055941371343138,1.0877660992227458,2.365063744511435,2.2527956796638655,10.43067819750424,-0.9342099183331984,-0.6633997085786119,-1.1169890358507828,-1.3856505904764762,0.02421630910008491,0.2837838834053814,-0.013108283132813828,-0.037539540931991085
0.766567759449773,1.0554704342525172,1.055571335102011,9.682445696938487,0.9158133570741508,2.1227400436822417,1.5032383997988572,2.74029853070362,-1.0675110642858818,-3.2077546811941167,-1.574665602691569,4.870297621862745,2.950067179347059,5.800531632050982,4.3725551107180385,14.923711638490195,4.017578243632941,9.008286313245097,5.947220713409608,10.05341401662745,0.8387141049954261,4.506025293052086,2.259725686629829,7.509236037376419,0.6520039353666672,0.9506987586490205,1.1728292709946468,9.842335747186274,1.1942948692945434,2.3706630149882706,1.836833288602662,10.062752640880088,-0.7071958093000461,-0.7698470301896978,-1.2859590399646383,-1.1707067164450582,0.3605864576611174,0.1964692806195283,-0.027714147201298233,0.07266624552335671
0.6049881187919148,0.8612267680386784,1.1123226341316192,8.94278737530743,0.9363013943972248,1.7983660683043996,1.223262554464397,2.836773009724081,-0.9742420221287778,-2.548737837628234,-0.9924710794601964,3.70249856245098,3.004653004007843,4.556803971588236,3.566010729192745,14.172098110568626,3.978895026136621,7.10554180921647,4.5584818086529415,10.469599548117646,0.8766603011501874,3.2341205156286246,1.4963712771547615,8.047281108699021,0.504431857693236,0.8745734996334913,1.1620412870570584,8.947525214764706,1.114751508197934,1.9939488613339542,1.6533701701543617,9.381936215337275,-0.9733001681567419,-1.0213944391647798,-1.3059868247638438,-1.007487189931041,0.258084222398555,0.0820524916755244,0.03196116742711995,0.06475700105807529
0.4160234113059509,0.9443228262396468,1.0438846043161796,8.259066698513614,0.6964927400491461,1.6067138737673987,1.3080180056435144,3.085051402158912,-0.983667570189215,-2.2459327756168617,-1.5849497185549022,3.4749966831372547,2.1060044351286282,4.586578922633334,3.47970848630451,14.027247361431373,3.0896720053178433,6.832511698250196,5.064658204859413,10.552250678294119,0.4851021369411674,2.5815294721566406,1.7109111030876372,9.517542153962669,0.2543421133547065,0.9084973079676285,1.172373357583039,8.031570587019608,0.8112814651499246,1.8636724691623996,1.6735011712622092,8.81644627298659,-0.7340297610231614,-0.8995323096071521,-1.2856769706085984,-1.2739332818994638,0.32308391662380087,0.1603430017451321,-0.13465841733971504,0.22225190057738675
0.36404285617969306,0.9180823765926759,0.7540525075490732,7.050460535015722,0.6577335971603911,1.5367886806634306,1.111262205525401,2.950906744282453,-1.0881780143017639,-3.039751563787254,-1.3812843570456863,2.5422296565294116,2.2600407999607848,4.277009635119609,3.3448033496,12.684735588921567,3.3482188142625486,7.316761198906863,4.726087706645686,10.142505932392156,0.43261348483354767,2.3617194490152476,1.2349036894291785,8.707850613451665,0.3152393366852948,0.7818320418724518,0.5024814959679412,6.948692969852941,0.7517583960083299,1.7901381788077988,1.3429441066441388,7.643091283588462,-0.4603167670240964,-0.4483614006817529,-0.8177724633843875,-1.2176526854243304,0.27549726703230226,0.06724987410011292,0.48569945162230216,0.12214804873444818
0.11477342857702592,-0.16095838402104043,0.10668717506146115,3.8191268862101673,0.7996852277387152,1.120550970066536,0.44012528472330587,2.3327297468162067,-1.8981185905727445,-3.7193726940021556,-1.016459532455294,0.687021636535294,2.182528518533334,5.546731653856864,0.9972729032431374,10.833768875882354,4.080647109106079,9.26610434785902,2.0137324356984316,10.14674723934706,0.6394964634635207,1.2556344765170548,0.19371026625277107,5.441628071681205,0.15948399643049083,-0.19685434363899407,0.1418457615030393,3.3585180519117643,0.8078795723193192,1.1320521533497117,0.45287130575403617,4.475193654430452,-0.2837170028191287,8.066210856294257,-0.36947072552590043,0.16257745304635884,-0.24920789550598804,1.2992259108689974,-0.3332243572074701,0.729549290714635
-1.1191743976242081,0.8491660439597394,0.021993297649205996,11.799323089141716,2.712169849177573,3.6545533447448717,0.6946404523289557,1.532045074055386,-6.461686073984313,-6.768239826124116,-1.877109163470588,8.545700683509803,4.090062605384315,7.437833829482354,1.8077165722254904,15.001800667882353,10.551748679368629,14.20607365560647,3.6848257356960783,6.45609998437255,7.3558652907879,13.35576014958593,0.48252535801177615,2.347162108937373,-0.8753744464117638,1.1538288261182268,-0.018882459274019398,11.848692916686275,2.9340103311142944,3.751911928577239,0.6949885345480622,11.898369109709547,-1.0887139159935888,-0.9529475938464027,-0.44907429180143055,-0.8550672383157618,-0.053653647291635465,-0.22989795063247168,0.01788179623394901,-0.10637362634725074
-1.3914447789230033,1.0841514943139088,0.04317766214025133,11.064190053162857,2.3972603637524137,3.2027671597280727,0.45481901697765503,1.186532794281254,-5.736210797654901,-5.185021242974116,-0.9297145962058823,8.83061382080392,3.341318208350981,6.894458327650982,1.213113127929767,13.947089408490196,9.077529006005882,12.079479570625098,2.1428277241356493,5.116475587686276,5.746857251618355,10.257717479432625,0.20686033820452046,1.4078600719048808,-1.152669627312156,1.5971412161450995,0.004620657464804258,11.056221026549998,2.7718181441808984,3.381287024500537,0.4568639280052846,11.127630547623916,-1.0436728696725248,-1.0750315541193103,-0.6126755599120677,-0.7798838187617734,-0.0826932916764324,-0.31797331745601237,0.26686002162114236,0.12735348396317248
-0.9272706343725611,1.1187503111542496,0.030843415493828998,11.184664954587014,3.136395032208795,2.4754012243273196,0.48346023992580633,1.6963817043494998,-6.830600076990195,-4.84526294172745,-1.047741082068235,7.443984023058823,5.653863072541178,5.401860878666668,1.419100459013726,14.26362438145098,12.484463149531372,10.247123820394119,2.466841541081961,6.8196403583921565,9.836973798064008,6.127611221401192,0.23373380358911824,2.8777108868517134,-0.5984132361392147,1.6033361407068645,0.010879772806863025,11.266396796813725,3.270596983340152,2.7164707765976286,0.48444310281852826,11.312578885171082,-0.9792224039305748,-0.7730923955589692,-0.3981755647242733,-0.8839403940392465,-0.1159889125964045,-0.44617607138791643,0.12379837424507381,-0.28983290303393733
-1.4138228502496126,0.8916813775969118,-0.1940663802628574,10.321111890799536,2.2064823362865735,2.6197755584663756,0.38479092259363507,1.8352443220974328,-6.345493919409411,-4.877372381767645,-1.5511753188441173,6.3738896530784315,3.1967365604313738,5.046342955815687,0.7379403976352945,13.626183714215685,9.542230479840786,9.923715337583332,2.2891157164794116,7.2522940611372535,4.868564300344656,6.86322397673781,0.14806405411046086,3.3681217217908657,-1.2341897821416659,1.2035905803945113,-0.20447354561941133,10.416981843590195,2.6205837808077406,2.767366917467023,0.43095917910956355,10.483008746738431,-0.6981446085060181,-0.9284529229293099,-0.10776241558742905,-1.1328685150735827,-0.19543184832493044,-0.4068462940494777,-0.2395758249004202,-0.10381371943679586
-1.0196221037408586,1.0363347350714776,-0.2299908822971384,10.109778264592766,2.2062442324238485,2.3441567764529836,0.3706312601067907,1.970907488784865,-5.87832077587843,-4.4642771726313715,-1.7177846640647054,5.593298533660784,3.712348909394118,4.704907638100002,1.0630640374290201,13.577583981725489,9.590669685272548,9.169184810731373,2.7808487014937255,7.984285448064705,4.867513613103496,5.495070992590443,0.13736753096834756,3.884476329348263,-0.9009764701313716,1.5985241113457858,-0.23791998494725453,10.124422139186276,2.430461447449934,2.56301788439061,0.43619185791135967,10.300101596031986,-0.6994548409232917,-0.6296392955145835,0.7384624716623827,-1.0760428724439692,-0.08173922383984687,-0.6110972581067956,-0.03918003288671461,-0.23729206470011155
-1.219917524967937,0.656694831256165,-0.47129534744128815,9.509735502195511,2.0913898705046994,2.3090857319910927,0.46307262084135686,1.9559762530424618,-5.945735205412548,-5.167607621577449,-1.8564974646705878,5.793433183896078,3.411396503409805,4.458134534696081,0.8634448265556867,12.719676954156862,9.357131708822353,9.62574215627353,2.7199422912262747,6.9262437702607835,4.373911590449664,5.331876917684841,0.21443625217288306,3.8258431024660284,-1.1702211198340189,0.9842640235701976,-0.4534828744915683,9.437734200647059,2.4211795386078996,2.4006509573620667,0.6607235100196505,9.708805921645771,-0.7275537091351798,-0.863555967674388,0.43392202999225216,-1.246937496697324,-0.1061067012269259,-0.41636370441253545,-0.3385076715355417,-0.027284964440033848
-0.8499721470979299,0.948507814599611,-0.42025373526445114,9.550490299286926,1.8872749271077551,2.090815988693013,0.4876344356912561,2.3418749690575678,-5.1160972802115685,-4.070443069769214,-2.5554798708117645,5.2766342304372555,3.0233975893617657,4.134768662068041,0.8831208304794121,13.39298579227451,8.139494869573333,8.205211731837256,3.438600701291177,8.116351561837256,3.5618066504895824,4.371511498574341,0.2377873428719298,5.484378370698384,-0.8355898693176463,1.4310946175120607,-0.3600997420930389,9.828788693343137,2.069845236082119,2.295904739515745,0.643739500788675,9.833424801536445,-0.8344474757953066,-0.8118040975310148,1.7395348753515139,-1.2397004056060463,-0.12220971893558112,-0.5255510698450613,-1.1060932704728197,-0.171334372208079
-1.0945050014960782,0.7614254712127737,-0.2540508098067931,7.955710850893904,1.7296050379204375,1.8189624902115786,0.3745467813928392,2.6354017732906025,-4.571567560705882,-3.0927161591117627,-1.1437706219450978,3.19389154267451,2.9516064158450988,4.133677789389414,0.5282165975905885,13.347954961666664,7.52317397655098,7.226393948501176,1.6719872195356862,10.154063418992154,2.991533587199758,3.3086245407967074,0.14028529145173527,6.945342506663252,-1.1301988290253129,0.7444013416447075,-0.15818704353313706,7.89860813974804,2.0468206529883584,1.9719009328585189,0.4525782865043601,8.380851845110628,-0.7649032237036613,-1.1384689993687116,-0.7666747387896136,-1.098818924405176,0.041785104530224826,-0.09597332808375061,-0.4839192041248844,0.10283859020472083
-1.5919437417020657,0.12269187986206041,1.4485059397005158,8.122465793441867,2.053081808301206,3.2732357737653035,2.97630807030584,4.967317996144917,-7.404137283137254,-8.112746357039214,-1.341439129380392,2.522028637992157,2.0444101621486284,10.644448092382355,10.27082910886098,22.193559447647058,9.448547445285882,18.75719444942157,11.612268238241372,19.6715308096549,4.21514491157735,10.714072430656945,8.858409729367674,24.674248074825158,-0.7744846829601952,-0.035044065991468754,0.2788794063754904,6.714341712833333,2.597966471747033,3.2755344186927795,3.3100723839087483,9.520961014543563,-0.3870462042368614,2.6372827327033335,1.5347560903851454,0.40518019134083083,-0.6475208523647596,0.8239752575371695,1.6740080938197381,1.0615961979043127
